"plot_id","cov_q99","mean_q99","median_q99","sd_q99"
"P15S2",16.6231698650113,10.5951443774075,10.82545,1.76124884729964
