"resp","daic","dbic","rsqm","rsqc","nullrsq.R2m","nullrsq.R2c","logl","nulllogl"
"layer_div",52.7085999219629,46.8321943272771,0.162087763428108,0.499833265484415,0.244091615337073,0.602818249058249,-481.551270513096,-509.905570474077
"auc_canopy",370.9114244444,365.035018849715,0.148381498639721,0.333599452376347,0.219684790821374,0.438767470583968,-1815.70719842243,-2003.16291064463
"dens_peak_height",80.0095357268156,74.1331301321298,0.0315938110445317,0.0731699388901957,0.00740274116204817,0.0751085207515772,-441.469006340497,-483.473774203905
"height_q99",75.5558156516528,69.6794100569671,0.0434843648199088,0.324898091011603,0.0459866381890217,0.36517397522936,-449.37004999713,-489.147957822956
"cum_lm_se",429.271209820291,423.394804225605,0.0228900734833277,0.0772819784058276,0.0357708537407459,0.107149085010313,-1986.27661246947,-2202.91221737961
"cover",38.5574683961368,32.6671122412536,0.36224292676569,0.61610717074788,0.215186881029921,0.427016123714133,15.4874541085228,-5.79128008954559
