"resp","daic","dbic","rsqm","rsqc","nullrsq.R2m","nullrsq.R2c","logl","nulllogl"
"layer_div",10.101409548541,0.747428111290787,0.237306723862305,0.438074495752526,0.165456330429169,0.397219865387805,-472.19828000213,-480.2489847764
"auc_canopy",52.0838194723901,42.7298380351399,0.236108507457918,0.299366022398177,0.183795349383108,0.280588814479149,-1780.24786340055,-1809.28977313675
"dens_peak_height",-0.258929396274084,-9.61291083352432,0.0495230434776398,0.0882205508067479,0.00894301289997595,0.0462363213011193,-434.266494015192,-437.137029317055
"height_q99",1.22451713917576,-8.12946429807448,0.0565128955200844,0.290237187792766,0.0190500728382595,0.277573423350536,-443.406410068889,-447.018668638477
"cum_lm_se",53.0728533916481,43.7188719543979,0.0531608547708804,0.0983251887337708,0.0280880980433737,0.0675924750628957,-1951.13115743805,-1980.66758413388
"cover",-23.7282922302415,-33.0822736674918,0.518101310530951,0.64480491842177,0.521923039525182,0.647967401780663,30.4507655739253,39.3149116890461
