"vol","quad_id"
0.396837900194831,"P15S2_E"
0.273054507244704,"P15S2_N"
0.155196415972949,"P15S2_S"
0.352362646431922,"P15S2_W"
